IDP	Heritability	Pvalue
C32_1	0.566798	5.373974556056489e-217
C32_2	0.420367	3.2729077390261417e-128
C32_3	0.602166	1.968316505686613e-232
C32_4	0.671003	4.2092414640025466e-291
C32_5	0.634344	6.208982954992815e-262
C32_6	0.588281	1.4071045395826888e-226
C32_7	0.363576	2.61731578500925e-95
C32_8	0.615514	9.022934618680598e-254
C32_9	0.697419	1.09857e-318
C32_10	0.487794	6.468055949688535e-161
C32_11	0.439054	8.713821446620766e-135
C32_12	0.610885	7.917319972686248e-243
C32_13	0.533838	8.79602135716923e-192
C32_14	0.738279	0.0
C32_15	0.706002	0.0
C32_16	0.453427	7.295238943972946e-138
C32_17	0.259725	3.6960536083372967e-47
C32_18	0.275522	4.545662762838055e-54
C32_19	0.378404	2.5628092895902586e-102
C32_20	0.318472	3.676263482343163e-71
C32_21	0.254425	5.759705924480564e-47
C32_22	0.385773	2.7748474897356538e-106
C32_23	0.461196	1.2119977951187493e-141
C32_24	0.307915	1.02554034222028e-65
C32_25	0.516202	1.5830008557986282e-176
C32_26	0.197153	4.2185532774712684e-29
C32_27	0.097083	1.5704e-08
C32_28	0.379754	1.1615455600154722e-92
C32_29	0.408899	1.095661360429259e-112
C32_30	0.402914	3.966418994596156e-110
C32_31	0.455032	3.9005968314018114e-143
C32_32	0.261863	4.937286993648563e-52
C64_1	0.625331	8.537457302230103e-273
C64_2	0.491759	5.978252652288906e-171
C64_3	0.51526	2.0271165758199142e-170
C64_4	0.670724	4.324526933375499e-291
C64_5	0.636716	1.9312959628677006e-263
C64_6	0.601071	2.137094642597193e-237
C64_7	0.639574	6.746454159926539e-274
C64_8	0.59011	9.909960319166049e-234
C64_9	0.680447	1.0429317780279232e-302
C64_10	0.481345	2.1476468518601278e-156
C64_11	0.421163	1.7866791334529314e-123
C64_12	0.457989	6.101531600367113e-137
C64_13	0.468634	1.305438835844356e-148
C64_14	0.764368	0.0
C64_15	0.688504	0.0
C64_16	0.321951	8.824539896433101e-73
C64_17	0.580535	6.366079046035543e-223
C64_18	0.568736	4.668665035141464e-210
C64_19	0.198459	2.4160182275954546e-29
C64_20	0.264442	5.57779358761582e-51
C64_21	0.230219	4.2760115477718984e-39
C64_22	0.304179	2.0430673467674144e-69
C64_23	0.454403	2.552161089118811e-142
C64_24	0.132299	2.0428e-14
C64_25	0.48169	1.8714710511963484e-153
C64_26	0.291271	1.4744405101013664e-59
C64_27	0.180618	1.7483210335233542e-24
C64_28	0.357793	9.504160713595557e-83
C64_29	0.238464	6.458613123956487e-39
C64_30	0.09712	1.2682e-08
C64_31	0.243629	2.1292858374245697e-44
C64_32	0.376459	4.733132431734599e-97
C64_33	0.308715	7.932845326378169e-70
C64_34	0.115456	8.3635e-12
C64_35	0.150501	4.077711306508946e-18
C64_36	0.271244	2.836105356705248e-52
C64_37	0.283655	7.696146786357533e-56
C64_38	0.162342	2.8221735822393485e-19
C64_39	0.075329	5.7646e-06
C64_40	0.453333	4.483149785732025e-135
C64_41	0.317924	2.792145604479945e-67
C64_42	0.430749	1.8386485175834148e-121
C64_43	0.585646	2.666132252906128e-218
C64_44	0.139394	9.8255e-15
C64_45	0.294547	4.988401669214386e-65
C64_46	0.142058	1.1102e-16
C64_47	0.22191	1.973012036273299e-39
C64_48	0.132496	5.5511e-15
C64_49	0.214818	8.775324951718225e-34
C64_50	0.299432	3.790587903288298e-63
C64_51	0.252778	1.342831000670533e-48
C64_52	0.164035	1.5293223489617764e-21
C64_53	0.124817	4.1971e-12
C64_54	0.258509	5.918329624292886e-51
C64_55	0.244021	2.6905543494360335e-43
C64_56	0.248329	5.2211282745307975e-43
C64_57	0.217811	3.1410908965359257e-35
C64_58	0.440453	3.3526097086271902e-133
C64_59	0.191981	9.558942514783435e-29
C64_60	0.29181	2.0326563953228552e-66
C64_61	0.427379	1.1451807223751032e-124
C64_62	0.33266	1.1533584870791769e-76
C64_63	0.393736	1.3060356183879252e-104
C64_64	0.310853	2.2687122176017885e-66
C128_1	0.669597	2.57960606974e-313
C128_2	0.44414	1.99945466994603e-131
C128_3	0.517466	9.549722450455131e-173
C128_4	0.638092	1.11750560974169e-259
C128_5	0.494323	2.945362336734952e-164
C128_6	0.620129	2.930874103435813e-254
C128_7	0.637618	5.2295945662620025e-272
C128_8	0.595384	2.7269182795609016e-237
C128_9	0.661434	7.4436400926386e-290
C128_10	0.456899	2.995731146895764e-142
C128_11	0.121517	2.7182e-12
C128_12	0.525184	1.5759078094178013e-180
C128_13	0.366072	3.943943429322553e-92
C128_14	0.765163	0.0
C128_15	0.677738	5.068641585e-315
C128_16	0.161088	3.59722655007042e-21
C128_17	0.368195	1.0209513807014224e-94
C128_18	0.433003	2.859343358527353e-129
C128_19	0.484086	7.450621382482029e-155
C128_20	0.256114	1.005609786012953e-47
C128_21	0.118063	9.8686e-12
C128_22	0.254236	1.1857448942426174e-47
C128_23	0.45585	1.3007957668436531e-138
C128_24	0.15396	2.317792887507792e-19
C128_25	0.410694	2.0166281617793598e-115
C128_26	0.094018	3.7915e-08
C128_27	0.061653	0.00013183
C128_28	0.291609	4.217803321332853e-56
C128_29	0.2509	1.8386694388947412e-44
C128_30	0.092498	4.5274e-08
C128_31	0.0984	4.2035e-09
C128_32	0.156334	1.2045107884685131e-20
C128_33	0.125108	5.9397e-15
C128_34	0.113576	4.1653e-11
C128_35	0.068889	1.3693e-05
C128_36	0.106591	7.2415e-10
C128_37	0.11984	2.7059e-12
C128_38	0.128828	2.9476e-14
C128_39	0.243565	3.601903871182905e-44
C128_40	0.652339	3.4130232870320905e-285
C128_41	0.18735	1.3018452011384139e-25
C128_42	0.156886	1.733437856841543e-19
C128_43	0.589049	2.043455441570825e-219
C128_44	0.115073	9.3076e-11
C128_45	0.119613	6.6613e-16
C128_46	0.095146	1.3826e-08
C128_47	0.071857	1.6312e-05
C128_48	0.118188	5.322e-12
C128_49	0.085208	2.0602e-07
C128_50	0.111218	1.1213e-11
C128_51	0.145518	1.2520280597537764e-17
C128_52	0.079498	2.4506e-06
C128_53	0.135208	2.8533e-14
C128_54	0.351938	1.243472013886593e-85
C128_55	0.112961	3.9578e-11
C128_56	0.224974	2.403288100688099e-36
C128_57	0.109409	2.9459e-11
C128_58	0.149572	6.100097903476497e-18
C128_59	0.21445	1.4545710129317252e-36
C128_60	0.096724	2.6528e-09
C128_61	0.223713	6.365050788063296e-38
C128_62	0.158016	3.687310102589672e-20
C128_63	0.186322	3.3024353111213965e-26
C128_64	0.065257	3.4952e-05
C128_65	0.206795	8.806301562509137e-34
C128_66	0.231661	1.3004028161431851e-39
C128_67	0.205474	2.46024080431106e-32
C128_68	0.182203	2.4248151730269063e-24
C128_69	0.109802	8.9393e-11
C128_70	0.220453	7.450373187281377e-38
C128_71	0.11534	9.6346e-12
C128_72	0.160867	6.052557951481106e-22
C128_73	0.079608	6.3671e-07
C128_74	0.201175	1.2895936699529894e-30
C128_75	0.16959	2.7157691229117377e-21
C128_76	0.125506	1.76e-12
C128_77	0.17949	5.146511875912578e-25
C128_78	0.206173	2.506741443519951e-33
C128_79	0.185373	6.08337982727627e-26
C128_80	0.117966	4.4964e-12
C128_81	0.100082	3.198e-09
C128_82	0.141762	5.5511e-17
C128_83	0.102972	4.7429e-09
C128_84	0.186258	2.857333495735886e-26
C128_85	0.138003	8.7153e-15
C128_86	0.217246	6.990499253133579e-36
C128_87	0.240439	1.4921002940070022e-43
C128_88	0.126751	2.5213e-13
C128_89	0.221076	4.260984799582701e-39
C128_90	0.285185	6.903469942454794e-60
C128_91	0.404316	1.906997652839797e-113
C128_92	0.354429	2.1004093175605246e-91
C128_93	0.301525	3.6341945681425946e-64
C128_94	0.134295	1.6598e-14
C128_95	0.075985	1.1622e-05
C128_96	0.122825	1.2592e-12
C128_97	0.514171	2.789745190265544e-173
C128_98	0.524351	6.2260879302516655e-177
C128_99	0.506902	2.0245341892493107e-167
C128_100	0.214442	2.5955525314223376e-34
C128_101	0.150611	4.807528545151399e-18
C128_102	0.177081	1.2785266269913051e-24
C128_103	0.273902	1.813970213291161e-52
C128_104	0.133721	6.0674e-14
C128_105	0.182635	6.586446116052818e-29
C128_106	0.483381	5.939470366939291e-171
C128_107	0.42529	2.3501439364082037e-121
C128_108	0.453182	1.6512918290773051e-136
C128_109	0.162311	2.511134714986875e-22
C128_110	0.470175	1.1777161710730754e-146
C128_111	0.193105	1.0525387119956176e-26
C128_112	0.149319	5.43330514842654e-19
C128_113	0.325788	4.669937516162086e-71
C128_114	0.568709	2.7511315032947444e-211
C128_115	0.388414	9.72752429494019e-105
C128_116	0.309626	1.240094815501599e-66
C128_117	0.077875	3.1697e-06
C128_118	0.359398	1.3112877426329863e-99
C128_119	0.191876	6.771762018655279e-28
C128_120	0.357709	5.472629853338602e-85
C128_121	0.139745	5.5511e-17
C128_122	0.433184	2.5651301631282e-125
C128_123	0.4261	1.405544545555329e-124
C128_124	0.272076	1.6914181752593778e-51
C128_125	0.178191	4.961498614105136e-23
C128_126	0.197549	7.100985977287043e-30
C128_127	0.15857	6.001950944659577e-20
C128_128	0.334573	1.2236062520267699e-77
C256_1	0.556527	4.1385584187851025e-213
C256_2	0.426463	1.4823667070733328e-121
C256_3	0.426008	2.393911189023112e-122
C256_4	0.515462	4.996703329265566e-170
C256_5	0.460648	1.6148357915461982e-142
C256_6	0.642254	1.295573441359513e-273
C256_7	0.620138	1.7471323961597172e-259
C256_8	0.779117	0.0
C256_9	0.38364	4.8302752722914997e-101
C256_10	0.365469	2.609499307076477e-91
C256_11	0.076199	2.8609e-06
C256_12	0.547947	2.160060464743402e-195
C256_13	0.323975	2.6366384039275817e-74
C256_14	0.724226	0.0
C256_15	0.668175	4.109528610947272e-305
C256_16	0.205891	1.0368637051250622e-30
C256_17	0.669577	1.784499938138603e-291
C256_18	0.407937	2.5583998488892736e-115
C256_19	0.125814	1.0337e-12
C256_20	0.19669	1.3760875910109333e-29
C256_21	0.090258	3.9225e-08
C256_22	0.279254	1.2676176332387143e-55
C256_23	0.190617	7.845773620374949e-28
C256_24	0.063395	6.9342e-05
C256_25	0.364533	1.3533958920063715e-92
C256_26	0.104208	1.4668e-09
C256_28	0.077828	7.4139e-06
C256_29	0.224296	1.2301941953522369e-36
C256_30	0.069055	2.8921e-05
C256_31	0.138215	2.2204e-16
C256_32	0.137971	1.1102e-16
C256_33	0.104805	1.6641e-11
C256_34	0.084962	4.6668e-07
C256_35	0.060521	0.00010864
C256_36	0.09657	2.2146e-08
C256_37	0.063722	0.00014957
C256_38	0.117693	1.1204e-12
C256_39	0.148015	8.208571111065157e-19
C256_40	0.133019	4.1078e-14
C256_41	0.109031	1.5819e-10
C256_42	0.266782	1.6396419732506766e-50
C256_43	0.625586	1.6508772893690808e-254
C256_44	0.13307	8.7652e-14
C256_45	0.099828	4.6925e-12
C256_46	0.092993	3.3063e-08
C256_48	0.093614	2.5543e-08
C256_50	0.571895	9.418449858442966e-219
C256_51	0.136578	8.3267e-16
C256_53	0.146276	2.756510266768156e-18
C256_54	0.253393	7.865481682304716e-46
C256_55	0.09143	5.7461e-08
C256_56	0.117681	9.5266e-12
C256_57	0.119673	2.5908e-12
C256_58	0.24784	6.478361427288074e-44
C256_59	0.142471	1.0798105136291394e-17
C256_60	0.073761	8.0208e-06
C256_61	0.179353	1.4612972023055212e-25
C256_62	0.155411	9.837020043922964e-23
C256_63	0.135764	7.2164e-15
C256_64	0.089396	1.1358e-08
C256_65	0.118518	8.1517e-12
C256_66	0.18932	1.4586843409216731e-27
C256_67	0.092191	9.4331e-08
C256_68	0.114834	3.9934e-11
C256_69	0.116388	5.8101e-12
C256_70	0.225326	6.517321869509194e-38
C256_72	0.058758	0.00012402
C256_75	0.166915	1.6381522291772216e-21
C256_76	0.131801	1.0436e-14
C256_77	0.111699	6.5565e-11
C256_78	0.208938	2.5272266690676927e-34
C256_79	0.146377	5.5511e-17
C256_80	0.087	2.4983e-08
C256_81	0.091081	4.7196e-08
C256_82	0.086715	2.5417e-07
C256_83	0.083783	1.4398e-06
C256_84	0.133849	2.5147e-14
C256_86	0.275853	2.35168705867418e-55
C256_87	0.602513	8.8204026901533e-252
C256_88	0.16335	6.527810074596694e-20
C256_89	0.161498	4.709780844897411e-21
C256_90	0.192943	5.924966730340897e-29
C256_91	0.187082	1.5172010942316303e-26
C256_92	0.252668	5.516505752208126e-51
C256_93	0.225991	3.055535621651117e-38
C256_95	0.148737	6.645447837275445e-18
C256_96	0.120642	2.0878e-12
C256_97	0.08145	1.3195e-06
C256_98	0.582847	1.7440549577541966e-223
C256_99	0.662021	1.2036536488061024e-282
C256_100	0.151353	3.381752456095174e-20
C256_101	0.360008	2.6905585483931724e-87
C256_102	0.06649	1.1925e-05
C256_103	0.174699	2.4267474804493046e-23
C256_104	0.105853	9.6855e-10
C256_105	0.143892	6.6613e-16
C256_106	0.386381	6.400042560292685e-111
C256_107	0.193309	6.349506915103028e-30
C256_108	0.181588	4.423463529228645e-25
C256_109	0.112198	9.9998e-13
C256_110	0.51592	6.411318577487723e-176
C256_111	0.16316	1.6414677675895198e-21
C256_112	0.124388	1.2434e-13
C256_113	0.315067	6.122109733391805e-72
C256_114	0.594131	2.3315249874099868e-226
C256_115	0.222026	5.0064053789316425e-37
C256_116	0.467091	1.1746307396093574e-145
C256_117	0.101705	5.4414e-09
C256_118	0.63741	6.036448005166724e-261
C256_119	0.167911	2.507286670803673e-21
C256_120	0.326995	3.4543692948933244e-72
C256_121	0.103127	4.5437e-10
C256_122	0.172464	1.873282088373127e-22
C256_123	0.371068	6.604844067489904e-95
C256_124	0.417665	1.0682686156232264e-114
C256_125	0.346005	5.739540627270229e-83
C256_126	0.119681	4.5097e-13
C256_127	0.110282	1.8164e-11
C256_128	0.155852	2.4157550155029598e-20
C256_129	0.159086	9.606215192974801e-23
C256_130	0.236521	1.004852485163326e-40
C256_131	0.131323	8.9484e-14
C256_132	0.117762	8.1984e-12
C256_133	0.421787	3.3677756797331354e-120
C256_134	0.205852	9.392411416546129e-34
C256_135	0.447158	2.2605039994707984e-133
C256_136	0.084931	5.2526e-07
C256_137	0.197473	2.65343045174809e-29
C256_138	0.246047	2.332264758664144e-48
C256_139	0.39071	1.6649867774968466e-103
C256_140	0.597041	7.989792303902265e-247
C256_141	0.122176	7.3275e-14
C256_142	0.645055	1.780685458894077e-296
C256_143	0.158536	9.521041005220338e-21
C256_144	0.094959	4.3758e-08
C256_145	0.115379	3.6977e-12
C256_146	0.187089	8.695665255516104e-28
C256_147	0.099914	2.1835e-08
C256_149	0.121772	5.7349e-13
C256_150	0.457369	3.0427431204376928e-139
C256_151	0.09234	2.5803e-08
C256_152	0.153735	1.784058286650971e-18
C256_153	0.270363	6.03709269392073e-53
C256_154	0.106036	1.0045e-09
C256_155	0.096579	9.9336e-09
C256_156	0.203849	1.006071170563862e-34
C256_157	0.105051	1.0008e-09
C256_158	0.15845	4.885315987996472e-19
C256_159	0.240312	1.939755085827921e-42
C256_160	0.376019	1.6756911040530526e-97
C256_161	0.374609	1.0774227910274026e-92
C256_162	0.07554	5.1505e-06
C256_163	0.336135	1.3755167524604042e-75
C256_164	0.103155	1.9289e-10
C256_165	0.217194	8.086979859337828e-38
C256_166	0.08747	2.5116e-07
C256_167	0.218221	1.1356176748205965e-36
C256_168	0.20921	2.3018250135386194e-31
C256_169	0.191906	1.5637948358546544e-27
C256_170	0.133414	1.9429e-15
C256_171	0.433349	1.8389394965607448e-128
C256_172	0.162933	5.27791135614969e-22
C256_173	0.069868	1.9669e-05
C256_174	0.518831	1.2593036177438837e-180
C256_175	0.089548	5.347e-07
C256_176	0.153394	8.919303041076894e-19
C256_177	0.074592	9.2717e-06
C256_178	0.218459	7.369770434129898e-36
C256_179	0.228731	1.3679730547128071e-36
C256_180	0.669753	1.731106404548442e-290
C256_181	0.123857	1.5099e-14
C256_182	0.076662	9.6623e-06
C256_183	0.404674	1.372501015607619e-106
C256_184	0.224052	1.0367734522710503e-36
C256_185	0.289844	3.098982196650059e-59
C256_186	0.154642	6.569265858390067e-19
C256_187	0.306196	4.0684871575660113e-63
C256_188	0.183027	5.032301662806868e-26
C256_189	0.226549	4.73535891847953e-38
C256_190	0.119808	9.4369e-16
C256_191	0.587966	8.544442302982389e-226
C256_192	0.151964	6.506375388695361e-19
C256_193	0.137721	2.2204e-16
C256_194	0.165889	5.320759024418592e-22
C256_195	0.145791	5.5511e-17
C256_196	0.440046	3.2148856491359373e-129
C256_197	0.06193	0.000178
C256_198	0.071469	2.2696e-05
C256_199	0.1069	1.4547e-09
C256_200	0.372408	4.607041242613657e-90
C256_201	0.091393	5.4417e-08
C256_202	0.220471	1.122457694063687e-33
C256_203	0.262819	3.900794504489616e-49
C256_204	0.343861	4.506472882262609e-81
C256_205	0.114876	1.1084e-11
C256_206	0.15437	1.0070763701350691e-20
C256_207	0.129897	1.1158e-14
C256_208	0.384573	8.773799487963577e-102
C256_209	0.175953	5.688378992542524e-24
C256_210	0.072398	7.1365e-06
C256_211	0.092952	3.0099e-08
C256_212	0.119333	7.0256e-12
C256_213	0.194244	5.8902776288070784e-30
C256_214	0.215764	1.0293581488822993e-33
C256_215	0.193797	3.0880535173444104e-29
C256_216	0.101276	2.9707e-10
C256_217	0.066143	7.0758e-05
C256_218	0.411199	5.4394643788412915e-114
C256_219	0.476465	5.265757180985176e-145
C256_220	0.284723	3.004068444402952e-57
C256_221	0.292362	4.788505890312759e-59
C256_222	0.604434	5.023559565994079e-241
C256_223	0.321239	6.7213400851337865e-71
C256_224	0.122247	5.6344e-14
C256_225	0.140036	9.967233281255749e-18
C256_226	0.376689	1.7775778659206214e-95
C256_227	0.142885	6.6613e-16
C256_228	0.160036	4.858186659533185e-19
C256_229	0.264222	2.218482726008781e-50
C256_230	0.14627	5.5511e-17
C256_231	0.354979	2.985545472771241e-88
C256_232	0.16186	1.839188625360725e-21
C256_233	0.653158	5.0395917176491927e-278
C256_234	0.187674	5.881195916549329e-26
C256_235	0.10116	7.0738e-10
C256_236	0.153226	2.8938628631879384e-20
C256_237	0.403732	3.2948788824920114e-119
C256_238	0.439359	6.379490732582154e-134
C256_240	0.14601	1.1102e-16
C256_241	0.396684	5.05239443787198e-104
C256_242	0.190514	1.9190014688074692e-30
C256_243	0.193327	1.1429686840913251e-31
C256_244	0.14746	5.2055415625742045e-18
C256_245	0.221857	2.9346468879107645e-36
C256_246	0.129914	3.9357e-14
C256_247	0.218736	3.64197364838774e-35
C256_248	0.154803	3.218664433151703e-18
C256_249	0.542933	9.878690948620093e-198
C256_251	0.516254	4.962002985297709e-185
C256_252	0.133867	3.9968e-15
C256_253	0.247965	4.2218515554095873e-44
C256_254	0.232519	4.982143399947707e-38
C256_255	0.221871	2.2840095700830443e-37
C256_256	0.23821	1.1331578324666686e-40
C512_1	0.576171	7.977492951529339e-238
C512_2	0.236968	1.3763554096483061e-49
C512_3	0.213956	1.631592411347679e-33
C512_4	0.488754	1.2930394410255366e-154
C512_5	0.411605	9.9591267775114e-115
C512_6	0.483759	9.905776417456772e-153
C512_7	0.571979	5.27974398892935e-220
C512_8	0.636575	8.59004396249622e-264
C512_9	0.356016	4.078814276460074e-87
C512_10	0.381763	3.183183357467262e-104
C512_12	0.523521	5.91458304940693e-178
C512_13	0.295934	4.762766182402747e-63
C512_14	0.544524	1.2643895903884425e-204
C512_15	0.643999	4.000803369820112e-281
C512_16	0.163829	2.6554138265507782e-20
C512_17	0.402456	1.9758693050517814e-109
C512_18	0.647707	3.0002493862772986e-279
C512_19	0.097919	6.267e-09
C512_20	0.138464	5.5511e-17
C512_21	0.081678	4.4767e-07
C512_22	0.272871	1.6503054292506466e-53
C512_23	0.132944	3.2363e-14
C512_25	0.295267	1.7904248763716831e-62
C512_26	0.072617	1.5161e-05
C512_28	0.071111	3.6138e-05
C512_29	0.192161	1.5908663066408474e-26
C512_30	0.085585	3.7796e-07
C512_31	0.108773	7.3407e-11
C512_32	0.136588	2.2204e-16
C512_33	0.134673	6.6613e-16
C512_34	0.075792	4.7546e-06
C512_36	0.095732	2.7511e-08
C512_38	0.10704	6.3643e-11
C512_39	0.177379	3.0849922417654427e-24
C512_40	0.101	7.091e-09
C512_41	0.060718	8.0313e-05
C512_42	0.119112	1.9845e-12
C512_43	0.61904	8.391397260082047e-254
C512_44	0.123701	3.9471e-12
C512_45	0.088386	3.9266e-10
C512_46	0.110284	2.4074e-10
C512_48	0.079588	1.5086e-06
C512_49	0.054314	6.0701e-05
C512_50	0.091262	2.5735e-08
C512_51	0.135942	9.4369e-16
C512_53	0.101341	1.4463e-09
C512_54	0.377617	1.354078721368032e-95
C512_55	0.107028	1.1812e-10
C512_56	0.117317	1.4654e-11
C512_57	0.128639	7.2553e-14
C512_58	0.18906	2.0305423471804247e-25
C512_59	0.168014	1.03369857434871e-23
C512_60	0.067943	3.7434e-05
C512_61	0.138495	1.1102e-16
C512_62	0.132619	4.4108120157261524e-18
C512_63	0.099616	3.3537e-09
C512_64	0.090617	3.7629e-09
C512_65	0.140024	4.4409e-16
C512_66	0.167068	1.3484625225732056e-21
C512_67	0.085837	3.614e-07
C512_68	0.123266	2.2938e-12
C512_69	0.125736	2.1255e-13
C512_70	0.208987	9.50086767789586e-32
C512_75	0.153416	1.120185866252398e-18
C512_76	0.152805	1.5294873323094193e-18
C512_77	0.099351	5.7389e-09
C512_78	0.179697	4.3386596576848685e-26
C512_79	0.126326	4.6896e-13
C512_80	0.077639	2.1131e-07
C512_81	0.06728	4.9232e-05
C512_82	0.141794	7.2164e-16
C512_83	0.082913	2.027e-06
C512_84	0.125119	1.014e-12
C512_86	0.112635	1.6152e-11
C512_88	0.102815	1.601e-09
C512_89	0.155289	1.869208502685576e-19
C512_90	0.170321	7.033872881298641e-23
C512_91	0.107786	2.184e-10
C512_92	0.185275	6.057514242575477e-31
C512_93	0.182481	3.5177356023469067e-25
C512_95	0.14732	1.1913648566576925e-17
C512_96	0.154308	1.4200788141895409e-19
C512_97	0.229761	2.957016184656472e-41
C512_98	0.072919	2.3121e-05
C512_99	0.141439	2.2204e-16
C512_100	0.106684	4.3638e-11
C512_101	0.342875	3.3508169968407476e-81
C512_102	0.066345	1.2708e-05
C512_103	0.094321	4.8383e-08
C512_104	0.101168	3.5309e-09
C512_105	0.124933	2.4281e-12
C512_106	0.174736	4.671242849260465e-25
C512_107	0.210211	4.25936895485791e-33
C512_108	0.1235	9.5607e-13
C512_109	0.093252	3.5628e-10
C512_110	0.420517	6.870767990510094e-115
C512_111	0.158035	5.962604396171497e-20
C512_112	0.121452	6.2966e-13
C512_113	0.178541	2.4580905843880394e-24
C512_114	0.514183	7.972501299970934e-171
C512_115	0.191623	1.3251224215352615e-28
C512_116	0.506788	1.0149189869689825e-164
C512_117	0.106395	9.3654e-10
C512_118	0.569534	6.740147719985715e-209
C512_119	0.130813	2.7756e-16
C512_120	0.234824	1.7132663583657965e-42
C512_121	0.096034	2.0044e-09
C512_122	0.102138	2.7414e-09
C512_123	0.354601	2.697310525106469e-87
C512_124	0.345107	1.0803978580841884e-80
C512_125	0.174947	1.1900813661033333e-23
C512_126	0.101115	5.0929e-10
C512_127	0.105985	7.4323e-11
C512_128	0.117397	1.0906e-12
C512_129	0.084914	1.4699e-07
C512_130	0.188243	8.179417528860278e-27
C512_132	0.070372	1.6636e-05
C512_133	0.344956	1.576405560026115e-81
C512_134	0.105324	1.3809e-09
C512_135	0.292766	1.9334336328664384e-60
C512_136	0.103637	1.4929e-09
C512_137	0.190393	1.32075994591693e-27
C512_138	0.274776	1.1835652754929648e-50
C512_139	0.473102	6.498983259852673e-146
C512_140	0.506305	4.630288159144893e-178
C512_141	0.105507	1.4791e-10
C512_142	0.544873	8.455522920776662e-209
C512_143	0.155422	6.811222962373837e-20
C512_145	0.112601	4.2332e-11
C512_146	0.192544	2.641140180405113e-30
C512_149	0.120764	9.5834e-13
C512_150	0.444692	1.250556392054181e-131
C512_151	0.095106	1.0864e-08
C512_152	0.104717	1.611e-09
C512_153	0.555058	4.147014267729527e-197
C512_154	0.102208	4.137e-09
C512_155	0.090502	1.1289e-08
C512_156	0.215136	4.172039219286312e-35
C512_157	0.113958	6.5855e-11
C512_158	0.507256	6.257588275443044e-181
C512_159	0.295168	2.6422414731963762e-67
C512_160	0.328689	4.3808708476450313e-75
C512_161	0.218823	1.3515856027882173e-33
C512_163	0.323309	4.129931996034905e-71
C512_164	0.098703	2.735e-09
C512_165	0.209987	4.890504369418181e-36
C512_167	0.13132	1.7208e-15
C512_168	0.177267	2.455099510508507e-23
C512_169	0.172034	7.765906448920918e-23
C512_170	0.111521	1.0308e-11
C512_171	0.299658	4.2645053392474e-61
C512_172	0.146701	1.3011924113559493e-17
C512_173	0.134695	3.7748e-15
C512_174	0.106355	1.4316e-10
C512_175	0.144664	6.6613e-16
C512_176	0.153056	1.2258459875228934e-18
C512_177	0.073735	1.543e-05
C512_178	0.12985	9.4202e-14
C512_179	0.185284	1.195440966188118e-25
C512_180	0.535284	9.819291061896088e-187
C512_181	0.148959	1.6179285826183797e-18
C512_182	0.069974	3.2407e-05
C512_183	0.307267	9.116584630772909e-64
C512_184	0.19146	5.432777193418956e-28
C512_185	0.422184	1.8139490221504032e-121
C512_186	0.082391	8.274e-07
C512_187	0.091891	1.6074e-08
C512_188	0.203399	4.301601842327178e-36
C512_189	0.220761	2.660391020654108e-36
C512_191	0.50264	4.040629610751455e-169
C512_192	0.169656	5.1791485622373793e-23
C512_193	0.108762	7.5777e-11
C512_194	0.158938	1.9842774652516044e-20
C512_195	0.199547	8.43655968191336e-28
C512_196	0.318002	3.5545621598333675e-69
C512_199	0.092499	9.2798e-08
C512_200	0.280894	3.7018150981764045e-54
C512_201	0.437546	2.169550468395914e-133
C512_202	0.220849	3.9040482876365e-34
C512_203	0.456878	3.195663644586734e-140
C512_204	0.585731	1.4116890710676836e-233
C512_205	0.41188	1.3654594205928792e-121
C512_206	0.200271	6.630483400441256e-33
C512_207	0.111796	3.6247e-11
C512_208	0.267828	8.183948608829359e-50
C512_209	0.141705	2.2204e-16
C512_211	0.079987	2.1065e-06
C512_212	0.099387	3.8351e-09
C512_213	0.499539	4.692710336881179e-168
C512_214	0.068421	1.1587e-05
C512_215	0.209216	3.5443032115308223e-32
C512_216	0.102593	2.3285e-10
C512_217	0.110765	1.3228e-11
C512_218	0.338549	4.538323041099533e-78
C512_219	0.407732	1.1783993673222369e-107
C512_220	0.1644	2.1962583581556484e-21
C512_221	0.336121	1.32603064063797e-79
C512_222	0.348747	9.678492781727104e-82
C512_223	0.274491	9.217572789917043e-54
C512_224	0.453312	8.56959761445535e-136
C512_225	0.131163	1.8208e-14
C512_226	0.122252	3.7748e-15
C512_227	0.374588	5.360150472388411e-93
C512_228	0.126016	3.4484e-13
C512_229	0.178106	1.685071439771402e-24
C512_230	0.11017	1.374e-10
C512_231	0.278551	3.719132909059966e-55
C512_232	0.338112	4.0962714836341246e-82
C512_233	0.64753	9.50953298329304e-276
C512_234	0.180932	2.4556101530665312e-24
C512_235	0.068646	9.8604e-06
C512_236	0.090324	7.3949e-09
C512_237	0.176369	1.987482000742414e-24
C512_238	0.371954	2.5756760543344188e-95
C512_239	0.547015	2.11407696754538e-194
C512_240	0.144915	4.996e-16
C512_241	0.255476	1.1476508239386048e-47
C512_242	0.144193	1.6487277872985397e-19
C512_243	0.162712	3.0751364676256097e-22
C512_244	0.136818	7.2164e-16
C512_245	0.156639	9.745516869484548e-20
C512_246	0.097632	6.2201e-09
C512_247	0.136859	2.7756e-16
C512_248	0.073343	1.2512e-05
C512_249	0.532579	7.267541087296801e-184
C512_250	0.281967	1.2893949618167273e-57
C512_251	0.098885	2.6603e-08
C512_252	0.121958	1.5664e-12
C512_253	0.157575	1.3859994009432536e-19
C512_254	0.177481	4.869179651055793e-24
C512_255	0.178386	2.156202226048072e-25
C512_256	0.169323	1.4252831716413078e-22
C512_257	0.34251	5.721142915925019e-81
C512_258	0.138324	1.1213e-14
C512_259	0.186488	1.7630084320792036e-25
C512_260	0.452741	2.233478025468056e-131
C512_261	0.109406	1.4512e-10
C512_262	0.218003	3.8921253844741166e-35
C512_263	0.318286	2.796757176979542e-69
C512_264	0.122003	6.7741e-12
C512_265	0.127648	2.1316e-14
C512_266	0.472511	1.8221790670246282e-148
C512_267	0.259102	3.9922086650396286e-48
C512_268	0.577411	3.4578045457791975e-228
C512_269	0.488661	2.576878089797527e-162
C512_270	0.250665	8.859047277331436e-45
C512_271	0.55668	1.6272450369641492e-213
C512_272	0.329868	5.2936664295412515e-77
C512_274	0.57044	2.1988520756843676e-218
C512_276	0.299953	1.8902593398685416e-60
C512_277	0.381306	7.803557815640709e-98
C512_278	0.183923	3.958644213863177e-25
C512_279	0.163167	3.806717692531845e-20
C512_280	0.143867	1.9746824589456964e-17
C512_281	0.57753	9.018840143572259e-230
C512_282	0.15673	2.074611228625428e-19
C512_283	0.455011	1.1495275737094606e-148
C512_284	0.160025	2.6966161022978528e-21
C512_286	0.140313	3.9968e-15
C512_287	0.734767	0.0
C512_288	0.246472	7.872260824767073e-45
C512_289	0.605788	5.322321909309283e-249
C512_290	0.197369	2.687071254612589e-29
C512_291	0.510966	6.005666691735215e-177
C512_292	0.540916	3.5141626541708524e-191
C512_293	0.082441	1.962e-06
C512_294	0.370468	2.5001034975871823e-94
C512_295	0.280403	6.642303816436127e-59
C512_296	0.413854	1.107983995795521e-122
C512_298	0.208045	6.278077349147768e-31
C512_299	0.708642	0.0
C512_300	0.232631	5.0337238909520455e-42
C512_301	0.146374	3.664522474832892e-19
C512_302	0.236112	6.198328427669365e-42
C512_303	0.517805	9.191427775577821e-187
C512_304	0.545306	5.091871671616903e-198
C512_305	0.506859	2.881934670929366e-169
C512_306	0.180335	9.76957821807762e-25
C512_307	0.504688	1.1461173894497881e-170
C512_308	0.738343	0.0
C512_309	0.147324	1.1102e-16
C512_310	0.123052	1.3021e-12
C512_311	0.342666	6.944668176125603e-80
C512_312	0.188341	1.6978180620304903e-26
C512_313	0.235041	2.0324998897015646e-40
C512_314	0.161496	5.775549291233974e-20
C512_315	0.262508	6.398517604519614e-50
C512_316	0.507573	1.2716065108641239e-177
C512_318	0.162952	4.213989974505907e-21
C512_319	0.465809	8.346564036254924e-144
C512_320	0.121901	1.0547e-14
C512_321	0.231541	1.340572582001265e-38
C512_322	0.130702	2.498e-15
C512_323	0.07845	5.5091e-06
C512_324	0.164914	6.323018649425868e-20
C512_325	0.071242	1.0398e-05
C512_326	0.523039	8.963707043462382e-179
C512_327	0.236068	7.596477635512906e-43
C512_328	0.606727	1.5061146259646182e-252
C512_329	0.516402	8.399742361543355e-175
C512_330	0.41427	3.2262823052256175e-119
C512_331	0.384747	5.17342054272875e-100
C512_332	0.159938	9.708659275633697e-22
C512_333	0.214588	2.444781291878441e-35
C512_334	0.068896	2.8958e-05
C512_335	0.510287	3.317277477380771e-169
C512_336	0.210978	1.1965628866795794e-33
C512_337	0.386048	5.659110490637715e-99
C512_338	0.535216	5.491307885653806e-187
C512_339	0.411678	4.8007668999040817e-116
C512_340	0.313296	6.856974540096349e-68
C512_341	0.435637	2.9631300877764473e-124
C512_342	0.595274	4.3408238778250723e-238
C512_343	0.384159	5.977808801919259e-103
C512_344	0.227098	3.178604965481684e-37
C512_345	0.100594	6.6157e-10
C512_346	0.287077	4.290067573683922e-59
C512_347	0.137395	5.218e-15
C512_348	0.325568	2.8283845640759878e-77
C512_349	0.097465	3.3873e-09
C512_350	0.510972	6.697474621007038e-174
C512_351	0.512433	6.513433982209056e-187
C512_352	0.395792	1.751417145618649e-103
C512_353	0.537643	6.324467352884038e-199
C512_354	0.178152	7.137398257918931e-25
C512_355	0.13886	3.4972e-15
C512_356	0.088797	1.6995e-07
C512_357	0.159577	2.9121442391454604e-19
C512_358	0.48838	1.6263232453750663e-154
C512_359	0.532395	1.7307622070153128e-185
C512_360	0.116858	1.8031e-11
C512_361	0.560979	4.7482301262512115e-220
C512_362	0.542533	1.0113853345787865e-197
C512_363	0.338296	9.394919829734589e-77
C512_364	0.525126	2.7080832824683336e-184
C512_365	0.089742	1.3007e-08
C512_366	0.095774	2.4143e-08
C512_367	0.142068	1.0930237590837153e-17
C512_368	0.445831	9.322786052626245e-131
C512_369	0.103505	7.4365e-10
C512_370	0.351335	1.231262778654916e-86
C512_371	0.127489	4.5208e-13
C512_372	0.265534	2.4811932296851585e-51
C512_373	0.239745	2.6068340054191525e-42
C512_374	0.25427	1.0219663755430858e-43
C512_375	0.134731	3.3307e-16
C512_376	0.377453	1.4496004959709343e-98
C512_377	0.109012	2.451e-10
C512_378	0.654589	1.389123302293172e-281
C512_379	0.173284	1.3434091189218214e-23
C512_380	0.410381	2.5727978921857793e-111
C512_381	0.067976	2.6797e-05
C512_382	0.504127	6.990925871716829e-169
C512_383	0.363158	2.0790260271359684e-94
C512_384	0.217	3.880562272942882e-33
C512_385	0.768915	0.0
C512_386	0.286955	9.014678259836711e-56
C512_387	0.503363	1.842170170039675e-183
C512_388	0.267776	4.108361567938532e-52
C512_389	0.567093	7.829284312509119e-222
C512_390	0.365237	1.817981891833409e-100
C512_391	0.330248	5.1552480680248006e-74
C512_392	0.1579	1.389510828408679e-19
C512_393	0.189184	1.616236374844258e-28
C512_394	0.419944	1.9184829312542622e-116
C512_395	0.328217	1.6039034455247134e-70
C512_396	0.397776	2.3704387218431294e-114
C512_397	0.386932	3.86166446489988e-107
C512_398	0.189437	4.3081262955553827e-26
C512_399	0.145191	1.1102e-16
C512_400	0.105779	1.9237e-10
C512_401	0.306885	1.3018133701655412e-63
C512_402	0.686805	2.2705361e-315
C512_403	0.280865	3.515345465806521e-53
C512_404	0.326353	1.2752710577324414e-73
C512_405	0.193803	5.56865292228786e-28
C512_406	0.194156	3.6800177892077787e-29
C512_407	0.244662	5.593642217727927e-45
C512_408	0.137789	6.6613e-16
C512_409	0.542725	3.389438308451792e-197
C512_410	0.358105	5.0216676640097735e-92
C512_411	0.402353	4.132842679030754e-112
C512_412	0.554716	9.559815037580596e-222
C512_413	0.175865	3.7222788841428814e-25
C512_414	0.137159	9.8255e-15
C512_415	0.574557	1.2714566169375768e-208
C512_416	0.266755	4.066375181817991e-53
C512_417	0.590122	7.670100888994512e-225
C512_418	0.29264	1.2594083483033225e-63
C512_419	0.081944	6.8702e-07
C512_420	0.121002	1.6172e-12
C512_421	0.338205	1.0763853570356854e-79
C512_422	0.10213	1.4253e-09
C512_423	0.549105	2.0703020082897328e-191
C512_424	0.2475	1.6724270955116642e-43
C512_425	0.29687	9.697781898522285e-59
C512_426	0.602508	1.451550782598848e-236
C512_427	0.571216	1.8129649295949768e-215
C512_428	0.411554	2.4637370824907103e-120
C512_429	0.380485	3.196683377736574e-95
C512_430	0.609534	1.2350692705197222e-249
C512_431	0.219055	5.153792675848208e-41
C512_432	0.093612	7.8539e-10
C512_433	0.230823	6.22579425780568e-39
C512_434	0.242914	5.96298516569674e-42
C512_435	0.208067	2.591054981238725e-31
C512_436	0.271706	1.5377377008655872e-52
C512_437	0.46849	2.5158109429064853e-156
C512_438	0.437334	7.187631551130199e-126
C512_439	0.31448	2.823131949410469e-67
C512_440	0.245507	6.2693604349621225e-43
C512_441	0.426041	1.6628073704277335e-117
C512_442	0.361568	9.350424009716416e-87
C512_443	0.269216	6.100384045993804e-50
C512_444	0.113082	1.0058e-10
C512_445	0.148167	3.041142211422212e-18
C512_446	0.411466	4.1166075237357065e-113
C512_447	0.312804	4.145180900165118e-70
C512_448	0.221578	3.9949149850405293e-36
C512_449	0.474263	2.767266904417308e-146
C512_450	0.106791	7.5129e-13
C512_451	0.424193	5.559171524659295e-122
C512_452	0.20824	6.829052144370103e-31
C512_453	0.338252	9.580098311264959e-78
C512_454	0.177337	1.0415575463670928e-23
C512_455	0.576507	1.4641575565183764e-213
C512_456	0.26711	6.74900310642229e-53
C512_457	0.089831	5.4823e-08
C512_458	0.190782	1.6734379086550763e-28
C512_459	0.22716	1.247646925939242e-36
C512_460	0.133093	4.996e-16
C512_461	0.302386	5.7012205999195086e-67
C512_462	0.175512	1.2895701658139001e-23
C512_463	0.47154	5.631104445573066e-153
C512_464	0.216275	3.576624440347048e-33
C512_465	0.130381	7.7716e-14
C512_466	0.28892	6.06076394053088e-58
C512_467	0.405792	8.643107281513561e-107
C512_468	0.220734	1.133527838320635e-34
C512_469	0.414372	2.65288895717111e-116
C512_470	0.349703	5.6093537877400994e-86
C512_471	0.561513	8.495760276866903e-219
C512_472	0.437184	4.169735312428749e-124
C512_473	0.462227	1.9261940461697825e-143
C512_474	0.534809	1.2255743794533525e-187
C512_475	0.191405	1.0583553382827085e-29
C512_476	0.164842	4.820604062500608e-21
C512_477	0.535579	7.933632206563497e-197
C512_478	0.516844	3.6546088188605234e-189
C512_479	0.406369	3.143844942895949e-109
C512_480	0.128426	8.5099e-14
C512_481	0.104388	3.7968e-10
C512_482	0.288308	6.786670777904247e-60
C512_483	0.165459	4.563060265610456e-22
C512_484	0.285214	2.660444021196809e-57
C512_485	0.34964	8.483918009023657e-99
C512_486	0.573172	7.11960266964675e-217
C512_487	0.088798	1.7581e-07
C512_488	0.350244	7.8198247245829125e-84
C512_489	0.389603	1.909743545991673e-102
C512_490	0.072438	7.4655e-06
C512_491	0.215926	1.3909305679038528e-33
C512_492	0.231348	2.2101032921523743e-38
C512_493	0.484228	1.79335496269402e-162
C512_494	0.537292	2.1807021029536413e-195
C512_495	0.202026	6.892086407016291e-29
C512_496	0.134192	2.1649e-15
C512_497	0.265811	4.317361467528546e-49
C512_498	0.238404	1.654695914988651e-40
C512_499	0.228741	8.960901207842656e-38
C512_500	0.538733	4.780645753548841e-198
C512_501	0.363136	2.2485675446869067e-87
C512_502	0.437636	2.4089400505668915e-131
C512_503	0.593119	1.3675304121008858e-226
C512_504	0.145482	1.6653e-16
C512_505	0.569913	5.070861972649557e-215
C512_506	0.556634	9.39267557314766e-209
C512_507	0.374019	2.1195222890723592e-92
C512_508	0.16088	1.1851749239994731e-20
C512_509	0.483332	4.082851767398613e-175
C512_510	0.171103	1.132052224304251e-23
C512_511	0.400558	7.128214369120529e-106
C512_512	0.519177	4.459773185668065e-180
C1024_1	0.506779	2.930975497393216e-184
C1024_2	0.227953	3.4123374675414607e-46
C1024_3	0.160931	7.779627838861408e-19
C1024_4	0.441087	3.777516708568282e-129
C1024_5	0.38891	1.9722577509992248e-103
C1024_6	0.464154	1.7096932609323256e-140
C1024_7	0.482551	7.718081821767473e-162
C1024_8	0.413304	1.588787636706026e-115
C1024_9	0.351197	5.719460040942206e-85
C1024_10	0.366367	6.3755201974960694e-96
C1024_12	0.50612	5.342075800127267e-167
C1024_13	0.287328	2.560845334907901e-60
C1024_14	0.46063	1.2622529109404834e-143
C1024_15	0.597146	2.3000697434728737e-243
C1024_16	0.155872	1.5862863737823765e-18
C1024_17	0.357234	4.374282608321661e-88
C1024_18	0.483799	1.0247912648147145e-155
C1024_19	0.062846	1.3506e-05
C1024_20	0.120719	9.0983e-14
C1024_21	0.079887	7.5962e-07
C1024_22	0.261438	6.198470124929754e-49
C1024_23	0.142827	1.4433e-15
C1024_25	0.274765	8.714250289160734e-55
C1024_26	0.091406	8.9293e-08
C1024_29	0.173959	7.733700988252442e-22
C1024_30	0.06767	3.748e-05
C1024_31	0.15749	6.990399221749866e-21
C1024_32	0.111377	7.8381e-12
C1024_33	0.133453	5.6621e-15
C1024_34	0.072206	1.1645e-05
C1024_38	0.097973	1.2584e-09
C1024_39	0.155506	8.973977674102686e-20
C1024_40	0.095713	3.2801e-08
C1024_41	0.14036	2.7756e-16
C1024_42	0.092083	2.6744e-08
C1024_43	0.372001	5.654440389643804e-95
C1024_45	0.087545	5.1146e-10
C1024_46	0.115413	3.0223e-11
C1024_47	0.089435	2.6161e-07
C1024_48	0.076847	3.2187e-06
C1024_49	0.059371	1.2682e-05
C1024_50	0.06862	1.7212e-05
C1024_51	0.110023	4.2651e-11
C1024_53	0.086689	3.2045e-07
C1024_54	0.412114	1.3935151263449102e-112
C1024_55	0.080506	8.3124e-07
C1024_56	0.162914	8.983063870882218e-20
C1024_57	0.12705	1.0197e-13
C1024_58	0.201031	3.2799461968503343e-28
C1024_59	0.162943	1.7755991859700125e-22
C1024_60	0.073301	7.4497e-06
C1024_61	0.129694	4.2744e-15
C1024_62	0.134389	1.7193044205871232e-18
C1024_63	0.126716	2.77e-14
C1024_64	0.08927	8.6239e-09
C1024_65	0.141372	2.2204e-16
C1024_66	0.161652	2.950026611024649e-20
C1024_67	0.174137	1.4938466039945207e-22
C1024_68	0.338484	1.9076953673759628e-80
C1024_70	0.179383	2.1147926524277388e-24
C1024_75	0.151746	2.372721137408321e-18
C1024_76	0.151566	2.6551012208329585e-18
C1024_77	0.110682	1.2856e-10
C1024_78	0.170096	1.6416194781950466e-23
C1024_79	0.123418	1.1421e-12
C1024_80	0.078268	2.1311e-07
C1024_81	0.07643	5.5283e-06
C1024_82	0.101447	6.608e-10
C1024_83	0.084994	1.0599e-06
C1024_84	0.132719	2.7089e-14
C1024_85	0.116497	5.2113e-11
C1024_86	0.108301	7.9067e-11
C1024_88	0.11201	9.1416e-11
C1024_89	0.15415	3.1594051828171003e-19
C1024_90	0.071158	1.308e-05
C1024_92	0.161012	3.4142414950500617e-23
C1024_93	0.177163	6.96842833500605e-24
C1024_94	0.434419	3.5415433646708937e-124
C1024_95	0.153342	7.14886914674135e-19
C1024_96	0.081056	8.5943e-07
C1024_97	0.198346	2.637136726829771e-31
C1024_98	0.074622	1.5436e-05
C1024_99	0.123313	9.6922e-13
C1024_100	0.100394	4.4917e-10
C1024_101	0.32947	1.1465924730174048e-75
C1024_102	0.065526	1.6614e-05
C1024_103	0.120148	5.4414e-12
C1024_104	0.120856	7.6824e-12
C1024_105	0.091216	5.7481e-08
C1024_106	0.202461	1.3223333433805026e-32
C1024_107	0.207832	1.6133147569574894e-32
C1024_108	0.102059	1.5041e-09
C1024_109	0.104526	6.8357e-12
C1024_110	0.436708	4.983730577526707e-125
C1024_111	0.101471	2.3278e-09
C1024_112	0.122584	6.4504e-13
C1024_113	0.133048	4.0135e-14
C1024_114	0.539795	1.2289461048086255e-185
C1024_115	0.184462	2.9170425146366376e-26
C1024_116	0.406603	5.746617167032414e-106
C1024_117	0.102701	2.6399e-09
C1024_118	0.553945	3.013292717719635e-197
C1024_119	0.132549	1.8319e-15
C1024_120	0.209988	8.267679161943479e-35
C1024_121	0.099273	4.2227e-10
C1024_122	0.186519	5.051305739848681e-25
C1024_123	0.35331	1.6327455121094397e-86
C1024_124	0.196554	2.741786028789703e-29
C1024_125	0.309688	1.8739918359667486e-66
C1024_126	0.105284	1.3062e-10
C1024_127	0.099283	7.9755e-10
C1024_128	0.100176	1.0806e-09
C1024_129	0.091577	2.0004e-08
C1024_130	0.179034	2.2332855976400123e-24
C1024_131	0.081937	1.7213e-06
C1024_133	0.328061	4.074095333913232e-72
C1024_134	0.101263	5.1e-09
C1024_135	0.282003	2.446469441393697e-56
C1024_137	0.167533	3.0627310160297073e-22
C1024_138	0.166134	1.2106893695543521e-23
C1024_139	0.416585	1.345493243691473e-112
C1024_140	0.463385	1.3047853126006476e-148
C1024_141	0.102594	3.4175e-10
C1024_142	0.521056	3.637477595352253e-192
C1024_143	0.15286	2.866805877333159e-19
C1024_144	0.069651	3.8361e-05
C1024_145	0.099474	1.1998e-09
C1024_146	0.230733	1.5933457339660477e-39
C1024_147	0.106125	2.6305e-10
C1024_148	0.158291	2.241514959982255e-20
C1024_149	0.108537	1.134e-10
C1024_150	0.43847	5.131778949557296e-128
C1024_151	0.09676	4.5886e-09
C1024_152	0.108146	5.0816e-10
C1024_153	0.12217	6.1384e-13
C1024_154	0.102501	2.8989e-10
C1024_155	0.11049	1.8631e-11
C1024_156	0.270953	7.334027051135334e-52
C1024_157	0.102946	2.437e-09
C1024_158	0.459905	3.0010228961101587e-149
C1024_159	0.230745	7.6463976847465e-40
C1024_160	0.368623	2.677793878828759e-94
C1024_161	0.137603	1.9151e-14
C1024_163	0.298043	2.521639048194192e-61
C1024_164	0.093467	1.4328e-08
C1024_165	0.162692	7.639113827261925e-24
C1024_167	0.125181	7.0388e-14
C1024_168	0.174503	1.2094710892618666e-22
C1024_169	0.154049	7.199722499106614e-19
C1024_170	0.123368	1.44e-13
C1024_171	0.2929	1.6170851784012524e-59
C1024_172	0.138925	3.3307e-16
C1024_173	0.111666	3.4999e-11
C1024_174	0.097679	2.1902e-09
C1024_175	0.146822	4.996e-16
C1024_176	0.08606	3.8398e-07
C1024_177	0.07645	7.873e-06
C1024_178	0.082696	5.8895e-07
C1024_179	0.167969	7.461582719841998e-21
C1024_180	0.335364	2.409648385535953e-75
C1024_181	0.143738	2.624209187049553e-17
C1024_182	0.07724	5.6259e-06
C1024_183	0.250355	4.694145992103638e-44
C1024_184	0.185467	1.1238615966985672e-26
C1024_185	0.165295	1.7529555477306524e-21
C1024_186	0.076876	3.9113e-06
C1024_187	0.171685	1.5421575980186417e-22
C1024_188	0.133001	1.6653e-16
C1024_189	0.194264	3.6431123850194064e-29
C1024_190	0.092374	3.8222e-08
C1024_191	0.508039	7.72759785877774e-176
C1024_192	0.141901	1.1102e-16
C1024_193	0.126052	8.5543e-14
C1024_194	0.135098	1.0547e-15
C1024_195	0.17846	1.364684756021967e-22
C1024_196	0.270853	1.9974191775459932e-50
C1024_199	0.080437	2.1308e-06
C1024_200	0.210752	6.869258384433059e-32
C1024_201	0.217337	1.606612958100164e-34
C1024_202	0.170242	1.8170108690799266e-21
C1024_203	0.434921	1.233066284331248e-128
C1024_204	0.132574	5.2403e-14
C1024_205	0.344635	1.9820191810080219e-85
C1024_206	0.19236	8.727722787754142e-31
C1024_207	0.127083	3.2974e-14
C1024_208	0.206237	4.6694032545946325e-30
C1024_209	0.135463	1.1102e-15
C1024_211	0.076471	5.652e-06
C1024_212	0.080978	4.1253e-07
C1024_213	0.515145	9.960781017219705e-182
C1024_214	0.108972	1.3621e-09
C1024_215	0.202402	1.8978500833329997e-30
C1024_216	0.117527	3.8071e-12
C1024_217	0.11286	6.2905e-12
C1024_218	0.225079	2.444754507356262e-36
C1024_219	0.111598	1.1318e-10
C1024_220	0.183645	8.271355369181347e-26
C1024_221	0.280432	9.497093849117282e-57
C1024_222	0.286942	4.009220033257298e-57
C1024_223	0.226616	5.556899876738306e-39
C1024_224	0.100484	1.0726e-08
C1024_225	0.136059	2.2204e-16
C1024_226	0.127676	3.8858e-16
C1024_227	0.447854	1.209213955325495e-128
C1024_228	0.093441	1.1986e-08
C1024_229	0.175317	6.101921224680464e-24
C1024_230	0.137885	3.1086e-15
C1024_231	0.134466	4.0523e-15
C1024_232	0.274071	4.883159997210898e-59
C1024_233	0.631247	7.266633669324746e-263
C1024_234	0.178328	9.912721830756269e-24
C1024_236	0.087157	2.4124e-08
C1024_237	0.123999	9.5479e-15
C1024_238	0.331562	8.828535268453085e-77
C1024_239	0.522036	4.7812353794585845e-176
C1024_240	0.172834	1.4147932105278558e-21
C1024_241	0.29949	2.360433977599012e-66
C1024_242	0.15414	1.0582434468575687e-20
C1024_243	0.153754	3.826023796194059e-20
C1024_244	0.129823	3.6304e-14
C1024_245	0.159533	2.3890217084044452e-20
C1024_246	0.095647	1.1182e-08
C1024_247	0.129638	2.8644e-14
C1024_248	0.088433	8.103e-08
C1024_249	0.438291	3.816496408929462e-127
C1024_251	0.088584	4.383e-07
C1024_252	0.142254	2.2204e-16
C1024_253	0.472353	7.774568027395297e-149
C1024_254	0.163748	2.1984799471641144e-21
C1024_255	0.220382	2.5219547787065e-37
C1024_256	0.165545	1.730067943282916e-21
C1024_257	0.463856	1.603526374330652e-141
C1024_258	0.122988	4.8667e-12
C1024_259	0.423722	7.160188640965667e-116
C1024_260	0.194426	1.919347165170353e-28
C1024_261	0.171613	4.1505557769243266e-21
C1024_262	0.11972	6.8945e-13
C1024_263	0.08957	3.8116e-08
C1024_264	0.131953	1.3728e-13
C1024_265	0.12997	1.9929e-14
C1024_266	0.477065	1.4018282721993356e-151
C1024_267	0.109519	9.0868e-11
C1024_268	0.543117	7.300710605771729e-204
C1024_269	0.674838	4.135084716865676e-297
C1024_271	0.475059	2.064529375767131e-149
C1024_272	0.241728	5.471765322751881e-44
C1024_274	0.525883	6.863341035128674e-185
C1024_276	0.207575	3.383858278600333e-31
C1024_277	0.453477	1.5072652524721522e-137
C1024_278	0.392041	5.736483885688166e-105
C1024_279	0.152685	1.11314751538581e-17
C1024_280	0.127522	3.2141e-14
C1024_281	0.508538	5.05892612494391e-183
C1024_282	0.154982	3.0882534951100367e-19
C1024_283	0.50988	1.0257698488922731e-185
C1024_284	0.170756	2.2485707377268672e-23
C1024_285	0.078971	5.2852e-06
C1024_286	0.126839	7.2209e-13
C1024_287	0.378265	5.826005937185535e-99
C1024_288	0.172225	2.1606284976220052e-23
C1024_289	0.483388	1.203126163118366e-157
C1024_290	0.186283	3.647473352086321e-26
C1024_291	0.502655	2.080867407877788e-165
C1024_292	0.507811	1.9578933693452103e-168
C1024_293	0.078282	6.6937e-06
C1024_294	0.348533	1.3806902453677234e-83
C1024_295	0.265199	7.609547589717276e-53
C1024_296	0.490392	8.330173417845628e-159
C1024_298	0.196385	7.437494815760258e-28
C1024_299	0.330933	4.397507175989339e-74
C1024_300	0.184723	2.32573688308746e-25
C1024_301	0.10859	4.6647e-11
C1024_302	0.202601	1.772342266133582e-31
C1024_303	0.431899	8.529525765869116e-132
C1024_304	0.522274	2.4350249488260344e-182
C1024_305	0.266742	5.9155710267179795e-49
C1024_306	0.165876	3.332832768471457e-21
C1024_307	0.560931	6.680005045656173e-206
C1024_308	0.120491	2.8565e-12
C1024_309	0.14327	4.996e-16
C1024_310	0.123485	4.6513e-13
C1024_311	0.154542	1.2114432724618565e-19
C1024_312	0.208241	1.1522160547654402e-31
C1024_313	0.129972	2.2204e-15
C1024_314	0.15958	1.628823469869436e-19
C1024_315	0.500085	3.1361120150408274e-168
C1024_316	0.494526	2.4748218305365614e-175
C1024_317	0.123658	7.0888e-13
C1024_318	0.116671	8.5302e-12
C1024_319	0.455726	6.530903132304532e-138
C1024_320	0.192874	1.1861383294978278e-30
C1024_321	0.180406	1.4808105940107676e-24
C1024_324	0.107211	6.4722e-10
C1024_325	0.131678	9.4924e-15
C1024_326	0.511898	1.2864884363679472e-169
C1024_327	0.158145	2.5199937828879976e-21
C1024_328	0.600394	6.873666477475361e-234
C1024_329	0.523547	4.7150193172749924e-182
C1024_330	0.424057	6.440803592148413e-123
C1024_331	0.334767	1.7157161270254128e-76
C1024_332	0.139645	5.5511e-17
C1024_333	0.102991	8.7602e-10
C1024_334	0.231741	1.005218926142517e-39
C1024_335	0.507343	1.9345087432653112e-168
C1024_336	0.113129	2.8255e-13
C1024_337	0.343143	4.632637515391386e-77
C1024_338	0.536776	7.610988171324754e-193
C1024_339	0.353699	9.840951042005178e-87
C1024_340	0.275413	7.690212848759337e-53
C1024_341	0.503945	1.7781545811130024e-165
C1024_342	0.499611	2.229168572726849e-169
C1024_343	0.236051	1.0755215813389748e-38
C1024_344	0.15835	1.5024257748267766e-20
C1024_346	0.151507	8.168473976768641e-21
C1024_347	0.096332	3.1285e-08
C1024_348	0.264216	2.7135078262857054e-52
C1024_349	0.114563	1.894e-11
C1024_350	0.330877	4.724459363794255e-74
C1024_351	0.447011	3.9118552044726325e-147
C1024_352	0.373579	1.1108117650168413e-91
C1024_353	0.421341	1.0028326093420967e-123
C1024_354	0.072159	1.2162e-05
C1024_356	0.148721	1.8116538875527864e-17
C1024_357	0.155085	2.6005306869454197e-18
C1024_358	0.474167	4.5035923073381395e-148
C1024_359	0.447589	1.009778325778586e-131
C1024_360	0.167855	1.3801828279430438e-21
C1024_361	0.531319	3.75379202761394e-194
C1024_362	0.521266	3.8265501308016125e-190
C1024_363	0.219016	4.19296081138388e-39
C1024_364	0.509249	3.567752858496281e-174
C1024_365	0.087143	2.4883e-08
C1024_366	0.111121	2.4332e-10
C1024_367	0.122206	2.4031e-13
C1024_368	0.505232	2.0892942926159827e-166
C1024_369	0.096374	7.9938e-09
C1024_370	0.314877	1.6889438847755383e-70
C1024_371	0.120411	1.9607e-11
C1024_372	0.46992	1.8693128612330408e-148
C1024_373	0.209354	2.5346597412959488e-33
C1024_374	0.249087	2.4058949617713293e-45
C1024_376	0.406377	4.055200295621944e-113
C1024_377	0.471571	1.6197006628272742e-152
C1024_378	0.569237	5.164440819569187e-214
C1024_379	0.151372	4.863875004627132e-18
C1024_380	0.517069	1.9981513306924346e-171
C1024_381	0.69679	1.586e-321
C1024_382	0.462989	4.7227582797888994e-142
C1024_383	0.34467	7.906579360766338e-79
C1024_384	0.417397	1.568936939041376e-117
C1024_385	0.707412	0.0
C1024_386	0.273445	7.6244146066260805e-50
C1024_387	0.524289	1.5210625295767755e-185
C1024_388	0.411051	5.2396547285394985e-115
C1024_389	0.459109	4.7425083422560464e-145
C1024_390	0.195297	1.3691709163067958e-29
C1024_391	0.35791	3.944829890248956e-85
C1024_392	0.140903	7.2164e-16
C1024_393	0.196364	4.3470035442193294e-30
C1024_395	0.370082	1.4373587948409777e-89
C1024_396	0.285434	8.39644986122663e-61
C1024_397	0.215175	1.7571953689652326e-34
C1024_398	0.102408	7.7686e-10
C1024_399	0.128548	1.4355e-13
C1024_400	0.101581	8.8778e-10
C1024_401	0.29098	1.4632564635919709e-57
C1024_402	0.38259	4.845938486452031e-97
C1024_403	0.275884	2.4490066898948348e-51
C1024_404	0.278245	4.5365427664375786e-54
C1024_405	0.089318	5.5271e-08
C1024_406	0.186108	4.635620506234833e-27
C1024_407	0.230256	8.631543066932541e-40
C1024_408	0.148279	6.857522847185641e-18
C1024_409	0.070384	1.5134e-05
C1024_410	0.094314	4.4024e-08
C1024_411	0.324688	2.0735281889889728e-70
C1024_412	0.153577	2.0809207937144782e-19
C1024_413	0.154262	6.705224808714934e-20
C1024_414	0.101777	9.9221e-09
C1024_415	0.661796	3.3038007600335853e-285
C1024_416	0.244396	4.840282655554782e-44
C1024_417	0.109219	8.4359e-12
C1024_418	0.203513	1.7521970251773366e-32
C1024_419	0.120756	9.5005e-12
C1024_420	0.113326	2.0967e-11
C1024_421	0.285278	6.968323976377817e-58
C1024_422	0.105295	8.694e-10
C1024_423	0.237129	5.993346804937248e-46
C1024_424	0.288416	6.464696151873503e-59
C1024_425	0.22238	5.565634909939445e-36
C1024_426	0.481393	2.1830890595164133e-154
C1024_428	0.402516	2.4003131872157494e-114
C1024_429	0.353259	2.10702053873336e-85
C1024_430	0.396168	1.987512903426395e-104
C1024_431	0.204249	1.582754897519108e-35
C1024_432	0.217976	3.1158832081653876e-34
C1024_433	0.115314	2.5347e-12
C1024_434	0.37792	3.0904572959875574e-104
C1024_435	0.193459	1.1004179623261017e-27
C1024_436	0.275503	1.9054692591064828e-52
C1024_437	0.137049	3.2752e-15
C1024_438	0.285111	1.3040052233576689e-58
C1024_439	0.249	6.4613152761971594e-43
C1024_440	0.247821	4.350353803239353e-43
C1024_441	0.148967	2.243004719112499e-18
C1024_442	0.315846	5.274698910504744e-67
C1024_443	0.203076	7.631513007957221e-30
C1024_444	0.073966	5.6701e-06
C1024_445	0.065466	3.1838e-05
C1024_446	0.182277	2.1947197521210305e-23
C1024_447	0.239723	1.1742710035824464e-41
C1024_448	0.36214	1.1461220133792613e-88
C1024_449	0.566997	2.375767412455109e-208
C1024_450	0.108709	2.3848e-13
C1024_451	0.594735	2.766783710557472e-237
C1024_452	0.128637	1.8696e-13
C1024_453	0.480362	8.721981782336636e-156
C1024_454	0.175094	2.877392301873181e-24
C1024_455	0.371369	2.1789728531027407e-93
C1024_456	0.253033	3.943524732254472e-47
C1024_457	0.138268	1.4433e-15
C1024_458	0.215786	7.552915919477659e-34
C1024_459	0.205131	1.5259018052879166e-30
C1024_460	0.12359	2.609e-14
C1024_461	0.500339	5.223066438814237e-167
C1024_462	0.206506	9.8149072075857e-33
C1024_463	0.518165	1.963439867325824e-182
C1024_464	0.150526	5.5511e-17
C1024_465	0.227424	4.616893772632532e-37
C1024_466	0.240849	7.163939087352469e-42
C1024_467	0.364171	4.914947273779197e-87
C1024_468	0.255692	4.378094219703997e-46
C1024_469	0.403733	9.753673722619298e-111
C1024_470	0.476533	2.4333891286859223e-158
C1024_471	0.417005	1.5320155037625384e-123
C1024_472	0.515282	6.878793553417094e-172
C1024_473	0.40058	2.296077563074499e-106
C1024_474	0.3303	7.304268439821628e-73
C1024_475	0.16124	4.70828620102397e-22
C1024_476	0.148989	7.365371623288048e-18
C1024_477	0.454487	3.0861208922115344e-145
C1024_478	0.389853	8.109821323416294e-105
C1024_479	0.228795	2.7231052790222833e-38
C1024_481	0.119253	2.5823e-12
C1024_482	0.223404	4.669134149001608e-38
C1024_483	0.159266	7.832005582097024e-20
C1024_484	0.190105	2.788981667661739e-26
C1024_485	0.259221	2.7602339176535782e-52
C1024_486	0.553814	4.2557910403800135e-207
C1024_487	0.090732	9.8835e-08
C1024_488	0.287743	2.1536598710292281e-57
C1024_489	0.245037	2.7163715781944856e-43
C1024_491	0.216388	2.173873544904835e-33
C1024_492	0.292245	7.959408201626257e-56
C1024_493	0.444167	3.774341532197285e-134
C1024_494	0.495225	1.832347163290909e-163
C1024_495	0.747302	0.0
C1024_496	0.079477	2.219e-06
C1024_497	0.289867	1.3757771483643572e-59
C1024_498	0.188123	6.2957777276411756e-27
C1024_499	0.552765	3.040243739822872e-222
C1024_500	0.522597	1.2920271992319443e-190
C1024_501	0.383036	1.3102889398903303e-105
C1024_502	0.404518	4.382496653733141e-109
C1024_503	0.555025	1.2784100940838078e-198
C1024_504	0.392657	1.710124313924946e-104
C1024_505	0.254391	4.788393200966127e-48
C1024_506	0.474001	1.3240490324965252e-151
C1024_507	0.283882	5.483435053221504e-59
C1024_508	0.169824	9.529903422977181e-24
C1024_509	0.422532	2.1024282277997256e-135
C1024_510	0.138347	6.6613e-16
C1024_511	0.447265	1.6818113072377496e-130
C1024_512	0.495284	4.361276077956248e-163
C1024_513	0.50232	8.18387107467761e-172
C1024_514	0.54615	3.267420883816243e-203
C1024_515	0.225435	3.98814745390545e-37
C1024_516	0.436535	6.789193377178448e-127
C1024_518	0.105259	8.8067e-11
C1024_520	0.113178	2.4815e-11
C1024_521	0.501631	7.353526549499281e-173
C1024_522	0.227251	2.382592091005341e-37
C1024_523	0.580665	4.0412194812395454e-218
C1024_524	0.248761	1.2386768520425682e-44
C1024_525	0.520604	5.87769529281986e-184
C1024_527	0.299972	1.448651630969401e-63
C1024_528	0.386537	3.935474994890964e-102
C1024_529	0.311181	7.684521794483346e-71
C1024_530	0.270603	1.7283270317469234e-53
C1024_531	0.486926	1.5081385540186678e-156
C1024_532	0.318789	2.3695148470874526e-74
C1024_533	0.702213	0.0
C1024_534	0.542667	9.09602828141912e-192
C1024_535	0.432282	1.5685744999250176e-122
C1024_536	0.67864	3.3523010994633693e-299
C1024_537	0.327503	5.367430011707335e-75
C1024_538	0.411649	5.361010424855108e-114
C1024_539	0.214263	1.3962336501933534e-32
C1024_540	0.084581	3.021e-07
C1024_541	0.229255	2.4679871072176176e-37
C1024_542	0.364709	6.325031074985649e-94
C1024_543	0.249906	2.62378660674734e-46
C1024_544	0.470152	8.796741291250622e-143
C1024_545	0.235343	1.5201898706377266e-38
C1024_546	0.104202	2.4227e-09
C1024_547	0.328602	6.681662980850263e-80
C1024_548	0.169166	3.699727841236533e-23
C1024_549	0.271489	3.8099571324150654e-51
C1024_550	0.528578	1.6577144743893095e-191
C1024_551	0.316511	4.95651240351161e-68
C1024_552	0.097029	2.5683e-09
C1024_553	0.207991	2.860350299855715e-34
C1024_555	0.248188	6.69606866858434e-43
C1024_556	0.440848	4.493913693660038e-128
C1024_557	0.279584	3.264024210393419e-55
C1024_558	0.089887	5.2068e-09
C1024_559	0.234388	9.087552312069378e-39
C1024_560	0.517296	9.381501413591177e-179
C1024_561	0.710214	0.0
C1024_562	0.450707	5.423225232932599e-144
C1024_563	0.341818	1.7106654329427894e-86
C1024_564	0.22887	6.003622527801061e-40
C1024_565	0.1631	1.6013108184975765e-21
C1024_566	0.143801	1.2768e-15
C1024_567	0.530145	2.448164369776151e-186
C1024_568	0.239845	2.918997845758806e-42
C1024_569	0.550299	1.619265027406529e-190
C1024_570	0.191961	1.5918120680480947e-29
C1024_571	0.175701	9.466513947940094e-23
C1024_572	0.18021	1.2328975948889008e-24
C1024_573	0.427978	9.57980163587786e-129
C1024_574	0.189968	8.722009572185346e-28
C1024_575	0.50352	2.564205480634585e-177
C1024_576	0.543938	2.6037563960649147e-211
C1024_577	0.416496	1.6408658131557944e-125
C1024_578	0.533389	4.8388897085980384e-200
C1024_579	0.72475	0.0
C1024_580	0.351233	1.1290160511103112e-88
C1024_581	0.542518	5.239677049487571e-191
C1024_582	0.243482	3.5227635326900884e-42
C1024_583	0.195456	3.1141494356896027e-30
C1024_584	0.468048	8.118167433247455e-147
C1024_585	0.326675	2.779950323629418e-84
C1024_586	0.513286	6.388511652830651e-173
C1024_587	0.172858	2.793205335843122e-26
C1024_588	0.2006	4.742168063733413e-31
C1024_589	0.460413	5.176450255224342e-144
C1024_590	0.468139	8.410403836491525e-155
C1024_591	0.265676	2.7752182372518515e-51
C1024_592	0.376865	3.4984623322367595e-95
C1024_593	0.742915	0.0
C1024_594	0.35887	1.0049175527839038e-92
C1024_595	0.362995	4.420138805039727e-94
C1024_596	0.393555	1.7740962405319516e-109
C1024_597	0.137197	1.1713e-14
C1024_598	0.507479	5.1874223715121106e-173
C1024_599	0.280019	5.2849302058824935e-53
C1024_600	0.370376	6.848721575171538e-90
C1024_601	0.475121	1.976246575546196e-163
C1024_602	0.504791	5.9415497284859524e-176
C1024_603	0.423718	1.0776750435153246e-119
C1024_604	0.279984	3.1895096719582567e-55
C1024_605	0.579027	4.291373481159904e-218
C1024_606	0.375569	3.621818837084029e-92
C1024_607	0.476567	1.3812647284074362e-158
C1024_608	0.241857	1.8697406743554914e-40
C1024_609	0.309712	2.6944939859451928e-68
C1024_610	0.592901	7.711143016524433e-230
C1024_611	0.13139	8.3822e-14
C1024_612	0.084628	1.8121e-07
C1024_613	0.505347	2.0567346936537677e-178
C1024_615	0.552445	8.010896966079573e-201
C1024_616	0.320421	3.330165520310627e-69
C1024_617	0.253747	8.79366989247979e-46
C1024_618	0.455082	3.501346893619777e-137
C1024_620	0.208869	2.576897578970863e-32
C1024_621	0.233752	6.32724282350801e-41
C1024_622	0.284225	2.645794709259854e-57
C1024_623	0.460961	3.0191690298603737e-159
C1024_624	0.307854	5.552062902860346e-69
C1024_625	0.239494	1.2975289470012816e-43
C1024_626	0.323616	3.1262442783977e-72
C1024_627	0.234837	5.152582790772903e-40
C1024_628	0.4873	2.5175506364390676e-169
C1024_629	0.069406	1.4004e-06
C1024_630	0.206871	5.883099559764893e-31
C1024_631	0.535727	2.188488503022364e-198
C1024_632	0.58487	1.627729710567693e-230
C1024_634	0.496913	7.791446741679254e-177
C1024_635	0.379895	1.0044888473150236e-101
C1024_636	0.267603	4.8052021097309734e-52
C1024_637	0.269826	2.1470777346278232e-51
C1024_638	0.511842	4.218478692889907e-173
C1024_639	0.346394	7.064286945539421e-82
C1024_640	0.362724	2.9387407118059784e-90
C1024_641	0.234117	1.1273377294561187e-39
C1024_642	0.254334	1.810080868896841e-47
C1024_643	0.374736	1.1522590539996873e-100
C1024_644	0.344079	1.2705479817435555e-78
C1024_645	0.518814	8.093601397126459e-177
C1024_646	0.489101	6.489533903850524e-174
C1024_647	0.258501	1.4614528239070792e-51
C1024_648	0.134376	9.77e-15
C1024_650	0.394393	1.8409000474692947e-100
C1024_651	0.533919	6.207323642594977e-184
C1024_652	0.456094	1.7399239983986432e-140
C1024_653	0.360837	1.6003447452247828e-88
C1024_654	0.446702	1.6721165151559559e-133
C1024_655	0.462995	4.46292934804106e-142
C1024_656	0.56574	1.4010680387931067e-213
C1024_657	0.237596	4.5347799846756125e-40
C1024_658	0.503062	5.224803007657911e-174
C1024_659	0.343901	8.347698601230395e-80
C1024_660	0.448455	9.418067669706144e-138
C1024_661	0.341696	1.5094572939037258e-80
C1024_662	0.133954	7.410292142339537e-18
C1024_663	0.287958	5.057769608905266e-59
C1024_664	0.298846	2.1783489462697025e-63
C1024_665	0.477294	2.606697654435588e-165
C1024_666	0.327585	1.0078887092027404e-72
C1024_667	0.494857	2.421760088260927e-162
C1024_668	0.446681	1.2769188310901697e-134
C1024_669	0.657157	8.556210147519173e-296
C1024_670	0.47041	5.119453872244832e-143
C1024_671	0.180591	4.1944698432868595e-26
C1024_672	0.110465	1.333e-10
C1024_673	0.469879	6.945856401950644e-145
C1024_674	0.292691	7.455050594230597e-64
C1024_675	0.270698	8.471000023731089e-52
C1024_676	0.278462	1.4829790990197426e-54
C1024_678	0.573775	2.9130796147132676e-214
C1024_679	0.481903	7.396189266204146e-164
C1024_680	0.519142	3.439345905274654e-180
C1024_681	0.378262	1.1557561785662609e-95
C1024_682	0.625969	2.837748639424804e-263
C1024_683	0.139068	8.3267e-16
C1024_684	0.509235	1.6168250042493382e-182
C1024_685	0.429184	2.9765674700678827e-123
C1024_686	0.404746	8.692625204596902e-106
C1024_687	0.498295	5.3791916826870274e-164
C1024_688	0.225908	1.2592171884115735e-39
C1024_689	0.511376	7.733464970462879e-166
C1024_690	0.153522	2.056837858579122e-19
C1024_691	0.52226	5.1397343639252834e-179
C1024_693	0.121287	8.0991e-14
C1024_694	0.511612	2.067310510563135e-174
C1024_695	0.285386	1.6116348648217534e-58
C1024_696	0.51424	1.2459893780038427e-173
C1024_697	0.501584	3.3064878843636327e-164
C1024_698	0.392733	3.854003790280823e-103
C1024_699	0.307028	1.8004685744269528e-69
C1024_700	0.512573	4.4599627634246405e-190
C1024_701	0.30533	3.4378300522051444e-65
C1024_702	0.14929	1.5663292652751065e-18
C1024_703	0.465648	2.090949113658515e-141
C1024_705	0.273984	5.2852475432207444e-55
C1024_706	0.324715	2.362395697000998e-74
C1024_707	0.512225	1.3085745383950082e-169
C1024_708	0.498405	6.830281954360655e-165
C1024_709	0.355128	5.897061759142023e-85
C1024_710	0.432527	1.4703667031146625e-135
C1024_711	0.498795	2.8657378355795943e-172
C1024_712	0.486397	3.224977833594826e-161
C1024_713	0.257173	2.576061157783045e-45
C1024_714	0.387192	7.94995758232092e-103
C1024_715	0.471854	3.447263887509505e-160
C1024_716	0.323202	1.2436902980383413e-73
C1024_717	0.171982	1.2941811394261682e-22
C1024_718	0.214446	1.474344231347328e-35
C1024_719	0.528618	4.666931235349592e-195
C1024_720	0.329046	6.472678616574716e-73
C1024_721	0.180494	1.8500085157357206e-24
C1024_722	0.375242	1.7038091171599024e-103
C1024_723	0.481043	4.627481510807928e-151
C1024_724	0.161369	3.910179249124371e-21
C1024_725	0.440616	2.0090693323139666e-130
C1024_726	0.405517	3.8418261328653034e-108
C1024_727	0.319762	4.873189555824154e-69
C1024_728	0.491303	9.35731201010457e-158
C1024_729	0.347125	5.9821601616309725e-87
C1024_730	0.144054	5.5511e-17
C1024_731	0.494872	4.184055870683569e-161
C1024_732	0.458235	7.544173300752727e-138
C1024_733	0.472044	2.646352055831407e-145
C1024_734	0.369648	2.088705109910528e-99
C1024_735	0.404589	1.3230421189055932e-121
C1024_736	0.243178	5.89436698681157e-47
C1024_737	0.473236	4.460617978662889e-164
C1024_738	0.305206	1.1799732963195726e-64
C1024_739	0.182004	3.8116183760233148e-25
C1024_740	0.480411	2.3789978258064296e-155
C1024_741	0.444133	3.9847744659121235e-136
C1024_742	0.203629	3.9475944036427694e-32
C1024_743	0.474186	7.42388882815818e-153
C1024_744	0.48836	2.571323985791393e-170
C1024_745	0.331341	1.0807541178995157e-73
C1024_746	0.260518	1.374470722559392e-47
C1024_747	0.515243	3.911608475536734e-176
C1024_748	0.248313	5.551317856835994e-43
C1024_749	0.458775	4.9625097352987484e-154
C1024_750	0.470393	2.4097917848177687e-145
C1024_751	0.153354	1.2898963503261292e-19
C1024_752	0.422562	2.325822590208044e-120
C1024_753	0.522048	3.6596432714603676e-176
C1024_754	0.398883	1.399178134651702e-105
C1024_755	0.333026	7.441789987522238e-76
C1024_756	0.336507	5.974307918651715e-76
C1024_757	0.17016	2.5679660527351958e-23
C1024_758	0.071735	3.7302e-05
C1024_759	0.160785	1.1929923893518496e-20
C1024_760	0.50491	1.392722149245203e-171
C1024_761	0.250839	1.863503019924984e-46
C1024_762	0.335838	2.7666893256278792e-78
C1024_763	0.458367	2.8156077752565154e-148
C1024_764	0.352076	1.7989943595415208e-87
C1024_765	0.232041	4.771035427187632e-40
C1024_766	0.465102	1.8880303417479674e-154
C1024_767	0.456126	7.998362937670165e-140
C1024_768	0.47495	1.9606922613327067e-167
C1024_769	0.320738	4.691911213319952e-70
C1024_770	0.560718	2.0593025355858988e-206
C1024_771	0.458049	2.832304259985746e-141
C1024_772	0.232082	4.6740991996459406e-39
C1024_773	0.334499	1.684312650275612e-79
C1024_774	0.337456	2.9547968740033033e-79
C1024_775	0.475245	1.4966477487315224e-157
C1024_776	0.534874	2.0403553351784548e-186
C1024_777	0.455854	1.3944107451323905e-147
C1024_778	0.47318	1.3748179100126884e-160
C1024_779	0.106379	8.2052e-10
C1024_780	0.237315	2.034474264715745e-39
C1024_781	0.275637	4.667946326055043e-56
C1024_782	0.735386	0.0
C1024_783	0.547349	1.0419839679590003e-209
C1024_784	0.343302	2.083927069694756e-82
C1024_785	0.514252	1.2211020822938554e-168
C1024_786	0.487342	1.0356236361251564e-155
C1024_787	0.169478	7.263921392783372e-22
C1024_788	0.415927	1.4183385048511486e-122
C1024_789	0.496582	7.105881383326503e-163
C1024_790	0.426643	4.3066576516171997e-131
C1024_791	0.175678	5.551483604081105e-22
C1024_792	0.449234	1.3993853677138334e-139
C1024_793	0.194901	1.4183277030810254e-29
C1024_794	0.4833	2.4465809007247414e-159
C1024_795	0.40982	1.0620794737905116e-110
C1024_796	0.470602	5.6242652334742274e-154
C1024_797	0.493233	1.5393764130246426e-174
C1024_798	0.553892	4.5706214402350554e-216
C1024_799	0.283866	6.846221707594552e-57
C1024_800	0.401846	2.8021810799333355e-114
C1024_801	0.49715	1.5491484290087207e-173
C1024_802	0.432501	2.6939170027182003e-135
C1024_803	0.300166	1.1082425792042508e-64
C1024_804	0.316393	5.2857089385684195e-77
C1024_807	0.427978	1.0714791653429129e-126
C1024_808	0.403821	3.4457636072762875e-116
C1024_809	0.477624	1.6854665254495615e-161
C1024_810	0.451213	1.2235912737753777e-140
C1024_811	0.328758	5.328579734446898e-79
C1024_812	0.411385	3.6787663009327267e-115
C1024_813	0.422679	5.4330291698551385e-118
C1024_814	0.379294	1.5850238937921051e-97
C1024_815	0.48804	1.2387464196825174e-156
C1024_816	0.59823	4.2866483057101806e-240
C1024_817	0.447672	1.599612082786021e-143
C1024_818	0.457396	9.317146451536052e-136
C1024_819	0.172504	1.3612419405347271e-22
C1024_820	0.117726	5.0525e-12
C1024_821	0.340131	8.254532983305006e-78
C1024_822	0.247165	3.994066672453257e-43
C1024_823	0.462402	2.130030675705185e-152
C1024_824	0.138493	1.7764e-15
C1024_825	0.414268	1.0331524248868456e-117
C1024_826	0.342818	1.396065180118766e-90
C1024_827	0.298398	5.220789036831007e-64
C1024_828	0.333134	6.482433531092191e-77
C1024_829	0.475787	1.614841847876441e-152
C1024_830	0.246217	2.2317231057956683e-43
C1024_831	0.372381	4.526049866002463e-98
C1024_832	0.242564	4.943150984728146e-41
C1024_833	0.473367	2.4297367151160594e-158
C1024_835	0.364366	3.6110424056419673e-87
C1024_836	0.501715	2.0894382225632833e-177
C1024_837	0.471123	4.37398994891926e-152
C1024_838	0.523546	6.972955490536155e-183
C1024_839	0.278082	5.09186411022119e-54
C1024_840	0.50529	6.05283105356763e-170
C1024_841	0.466277	4.292219505552087e-148
C1024_842	0.395809	2.30111385911528e-118
C1024_843	0.394728	1.361228022977492e-103
C1024_844	0.503825	3.016884160514751e-174
C1024_845	0.517029	1.0351325324476876e-172
C1024_846	0.454941	6.163758541917938e-136
C1024_847	0.294689	4.0921751690150155e-60
C1024_848	0.410794	5.3895544063228975e-111
C1024_849	0.166622	7.706389680209641e-22
C1024_850	0.303207	4.990905081197937e-65
C1024_851	0.499354	4.4196553035520137e-178
C1024_852	0.406037	5.506068091068522e-115
C1024_853	0.529305	5.063690455316629e-196
C1024_854	0.478484	2.451036139962319e-162
C1024_855	0.423978	2.827092706898905e-130
C1024_856	0.619769	4.464384667213646e-258
C1024_857	0.297479	2.498883983222596e-74
C1024_858	0.506709	2.0150066882652378e-176
C1024_859	0.319434	1.8245755297087708e-70
C1024_860	0.296086	1.2346842653165446e-61
C1024_861	0.317919	4.430033720412688e-72
C1024_862	0.296905	1.1491877241274088e-61
C1024_863	0.424213	4.5744825561625673e-132
C1024_864	0.119394	1.8644e-12
C1024_865	0.449829	1.86125499982031e-136
C1024_866	0.522966	3.987905700747853e-175
C1024_867	0.442451	2.1399260234324915e-148
C1024_868	0.470545	1.1007323434482213e-146
C1024_869	0.437322	3.536442889203224e-126
C1024_870	0.429337	1.2643357400077535e-128
C1024_871	0.294815	1.3511392200675146e-62
C1024_872	0.276602	5.554574792038475e-55
C1024_873	0.44736	1.7659100292986266e-136
C1024_874	0.354998	1.143037800056009e-85
C1024_875	0.454876	4.309194789531429e-142
C1024_876	0.340803	4.463958659157232e-87
C1024_877	0.397228	9.40629887916421e-115
C1024_878	0.440124	3.6516228362778927e-134
C1024_879	0.376857	3.070961215050654e-108
C1024_880	0.508613	3.652061102807031e-173
C1024_881	0.385448	2.6999051335592487e-102
C1024_882	0.163583	4.361387494930137e-21
C1024_883	0.375359	1.4430773434952552e-98
C1024_885	0.301155	3.670316745440735e-61
C1024_886	0.727799	0.0
C1024_887	0.349742	1.712852771643925e-84
C1024_888	0.544871	5.4203017300501315e-204
C1024_889	0.535064	4.453625349226641e-189
C1024_890	0.270493	3.5151700518655767e-56
C1024_891	0.272222	6.882471487849208e-53
C1024_892	0.22141	4.976272814313851e-37
C1024_893	0.281463	6.647568158472088e-54
C1024_895	0.386234	4.594229624362479e-99
C1024_896	0.246953	6.629091136269626e-43
C1024_897	0.434368	5.786115055258514e-123
C1024_898	0.244983	2.8320885582638376e-43
C1024_899	0.314566	2.6185406867328043e-68
C1024_900	0.323481	6.30605620929203e-73
C1024_901	0.272145	1.4883572879201464e-52
C1024_902	0.069223	1.6824e-05
C1024_903	0.414471	1.5811962263357498e-122
C1024_904	0.434033	6.389497658071921e-126
C1024_905	0.35595	6.608003227032739e-88
C1024_906	0.309929	1.7932580192425627e-69
C1024_907	0.46332	6.375049478444415e-148
C1024_908	0.51702	2.8858423109958973e-184
C1024_909	0.187063	1.3374479316546226e-31
C1024_910	0.401998	3.8683779102360916e-112
C1024_911	0.507655	8.451634405720797e-169
C1024_912	0.419515	8.485508374928594e-116
C1024_913	0.517295	1.9194757352040907e-186
C1024_914	0.218346	2.2308148704486025e-35
C1024_915	0.517938	1.1441972198002864e-175
C1024_916	0.442362	2.627380997035193e-140
C1024_917	0.499542	1.704593024384868e-173
C1024_918	0.373313	1.130875225426647e-103
C1024_919	0.309834	7.59204211146375e-68
C1024_920	0.366744	2.1451716121745327e-92
C1024_921	0.481954	8.323944880809108e-163
C1024_923	0.253104	1.101370663814367e-45
C1024_924	0.499187	2.2997191624139366e-176
C1024_925	0.531607	2.0129172068647084e-197
C1024_926	0.473522	3.056637103867759e-144
C1024_927	0.660391	2.2048494045522007e-301
C1024_928	0.514892	3.6421834656672453e-177
C1024_929	0.339038	6.132660811836551e-80
C1024_930	0.512806	1.8992913582373448e-183
C1024_931	0.502521	2.6617012422536945e-170
C1024_932	0.393035	2.0992697852586812e-110
C1024_933	0.465694	1.3219823096274236e-145
C1024_934	0.461265	3.927881715381369e-141
C1024_935	0.240154	3.069100530433304e-41
C1024_936	0.468202	1.647669572582419e-157
C1024_937	0.509479	1.0279002971557474e-177
C1024_938	0.494815	1.1417803282553128e-167
C1024_939	0.302785	6.308035358800866e-63
C1024_940	0.504334	6.0643975754824814e-173
C1024_941	0.466029	2.816878721714962e-143
C1024_942	0.474037	2.4022080203782587e-157
C1024_943	0.473949	2.7800527317214993e-158
C1024_944	0.294478	9.004803141038934e-62
C1024_945	0.689979	6e-323
C1024_946	0.300619	5.873328683162066e-60
C1024_947	0.470514	2.81910532766064e-155
C1024_948	0.198255	3.885327661599269e-28
C1024_949	0.363353	5.9788446703349835e-90
C1024_950	0.262496	4.651238725126593e-50
C1024_951	0.506016	3.4618267958484636e-176
C1024_952	0.234609	2.292085224793081e-46
C1024_953	0.521653	5.729842120110438e-181
C1024_954	0.421171	3.102571122214125e-129
C1024_955	0.531821	2.3803610309770225e-194
C1024_956	0.490229	4.694153389879988e-171
C1024_957	0.096566	1.3232e-08
C1024_958	0.447085	7.371785778032086e-144
C1024_959	0.503554	5.0606305653841675e-177
C1024_960	0.442159	6.504100619302965e-135
C1024_961	0.526379	4.620442479138408e-195
C1024_962	0.183024	9.82268844168175e-27
C1024_963	0.491863	1.9687168610747243e-175
C1024_964	0.706668	0.0
C1024_965	0.5078	6.210101308166435e-171
C1024_966	0.513261	5.0320432324314505e-185
C1024_967	0.541768	3.1057932835188523e-201
C1024_968	0.472116	4.119546089832303e-148
C1024_969	0.533391	9.396379844357073e-198
C1024_970	0.587206	1.2412902496190523e-228
C1024_971	0.268543	1.1426790217255952e-50
C1024_972	0.527606	2.6422028327692225e-189
C1024_974	0.398986	6.129152913912777e-115
C1024_975	0.280499	7.571433510102876e-53
C1024_977	0.464477	6.516209048171527e-150
C1024_978	0.522935	5.2672487536023193e-188
C1024_979	0.530581	1.5327504468619174e-184
C1024_980	0.131005	3.3473e-14
C1024_981	0.430669	2.0171760007505864e-134
C1024_982	0.540794	1.5656092426775002e-195
C1024_983	0.483985	1.7772312902575532e-163
C1024_984	0.313412	9.90435388980936e-68
C1024_985	0.410752	2.3064509622105038e-119
C1024_986	0.332317	2.0756813370869773e-74
C1024_987	0.451957	1.480108252286133e-132
C1024_988	0.519968	2.244245427110468e-185
C1024_989	0.161071	6.155719456849617e-20
C1024_990	0.393034	1.5395731754959737e-109
C1024_991	0.541754	1.1115313049613787e-202
C1024_992	0.458275	5.667198037778403e-140
C1024_993	0.363164	1.4232046478576001e-86
C1024_994	0.490203	3.794568934661945e-164
C1024_995	0.234645	2.6962370220256777e-39
C1024_996	0.335179	8.12721353187309e-78
C1024_997	0.558877	6.266264355881618e-210
C1024_998	0.098336	2.4661e-09
C1024_999	0.262578	7.674360504683697e-50
C1024_1000	0.32659	2.2701541374305084e-72
C1024_1001	0.526365	4.003043125154575e-185
C1024_1002	0.211419	1.7390124769891003e-32
C1024_1003	0.431074	2.215186469508254e-130
C1024_1004	0.288352	6.586650340903565e-57
C1024_1005	0.467962	1.1045511234067721e-156
C1024_1006	0.387087	1.4074941744646382e-102
C1024_1007	0.263116	1.040993519049751e-49
C1024_1008	0.476601	5.087070812325989e-159
C1024_1009	0.467595	3.385195842285543e-143
C1024_1010	0.302962	3.8713657464273445e-64
C1024_1011	0.168243	1.2047240289781797e-21
C1024_1012	0.509945	2.73224448800752e-171
C1024_1013	0.260311	8.878143437535683e-48
C1024_1014	0.406167	3.56137870739772e-110
C1024_1015	0.342669	4.81722183398894e-81
C1024_1016	0.489077	2.2529726694325837e-170
C1024_1017	0.520861	3.888489241299111e-182
C1024_1018	0.475792	1.1095714658129238e-161
C1024_1019	0.418288	2.2720905348709703e-129
C1024_1020	0.516077	2.6858043137467616e-176
C1024_1021	0.381902	3.441340811193347e-97
C1024_1022	0.4007	4.315584162193252e-114
C1024_1023	0.431558	2.285787453576244e-129
C1024_1024	0.381866	6.450446522528297e-98
